-- ----------------------------------------------------------------------------
-- Put here INSERT statements for inserting data required by the application
-- in the "pa-project" database.
-------------------------------------------------------------------------------

-- INSERT INTO Family(familyName)
--	VALUES ("");
INSERT INTO Family(familyName)
	VALUES ("Antihistamínicos");
INSERT INTO Family(familyName)
	VALUES ("Inhibidores de la 5 alfa reductasa");
INSERT INTO Family(familyName)
	VALUES ("Alcaloides");
INSERT INTO Family(familyName)
	VALUES ("Antifúngicos");
INSERT INTO Family(familyName)
	VALUES ("Antidiabéticos");
INSERT INTO Family(familyName)
	VALUES ("Anticoagulantes"); 
INSERT INTO Family(familyName)
	VALUES ("Ansiolíticos");
INSERT INTO Family(familyName)
	VALUES ("Antiinflamatorios no esteroideos");
INSERT INTO Family(familyName)
	VALUES ("Glucosidos Cardíacos");
INSERT INTO Family(familyName)
	VALUES ("Vasodilatadores");
INSERT INTO Family(familyName)
	VALUES ("Antibióticos");
INSERT INTO Family(familyName)
	VALUES ("Beta-lactámicos");
INSERT INTO Family(familyName)
	VALUES ("Inhibidores Beta3");
INSERT INTO Family(familyName)
	VALUES ("Inhibidores bomba de protones");
INSERT INTO Family(familyName)
	VALUES ("Vitaminas");
INSERT INTO Family(familyName)
	VALUES ("Anticolinergico");
INSERT INTO Family(familyName)
	VALUES ("Salicilatos");
INSERT INTO Family(familyName)
	VALUES ("Antiepiléptico");
		
-- INSERT INTO Medicament(name)
--	VALUES ("");
INSERT INTO Medicament(name)
	VALUES ("Torecan");
INSERT INTO Medicament(name)
	VALUES ("Propecia");
INSERT INTO Medicament(name)
	VALUES ("Proscar");
INSERT INTO Medicament(name)
	VALUES ("Avidart");
INSERT INTO Medicament(name)
	VALUES ("Duodart");
INSERT INTO Medicament(name)
	VALUES ("Dostinex");
INSERT INTO Medicament(name)
	VALUES ("Diflucan");
INSERT INTO Medicament(name)
	VALUES ("Januvia");
INSERT INTO Medicament(name)
	VALUES ("VFEND");
INSERT INTO Medicament(name)
	VALUES ("Sintrom");
INSERT INTO Medicament(name)
	VALUES ("Valium");
INSERT INTO Medicament(name)
	VALUES ("Neobrufem");
INSERT INTO Medicament(name)
	VALUES ("Nitroglicerina");
INSERT INTO Medicament(name)
	VALUES ("Digoxina");
INSERT INTO Medicament(name)
	VALUES ("Quinina");
INSERT INTO Medicament(name)
	VALUES ("Tetraciclina");
INSERT INTO Medicament(name)
	VALUES ("Voltaren");
INSERT INTO Medicament(name)
	VALUES ("Ibuprofeno");
INSERT INTO Medicament(name)
	VALUES ("Indometacina");
INSERT INTO Medicament(name)
	VALUES ("Diclofenacoketropofeno");
INSERT INTO Medicament(name)
	VALUES ("Penicilina");
INSERT INTO Medicament(name)
	VALUES ("Ceftriaxona");
INSERT INTO Medicament(name)
	VALUES ("Cefditoreno");
INSERT INTO Medicament(name)
	VALUES ("Vesicare");
INSERT INTO Medicament(name)
	VALUES ("Toviaz");
INSERT INTO Medicament(name)
	VALUES ("Betmiga");
INSERT INTO Medicament(name)
	VALUES ("Omeprazol");
INSERT INTO Medicament(name)
	VALUES ("Plavix");
INSERT INTO Medicament(name)
	VALUES ("VIT B12");
INSERT INTO Medicament(name)
	VALUES ("Aspirina");
INSERT INTO Medicament(name)
	VALUES ("Fenitoina");
INSERT INTO Medicament(name)
	VALUES ("Eliquis");
INSERT INTO Medicament(name)
	VALUES ("HeparinasBPM");
INSERT INTO Medicament(name)
	VALUES ("Antiagregantes");

-- INSERT INTO CommercialMedicament(name, medicamentId)
--	VALUES ();
INSERT INTO CommercialMedicament(name, medicamentId)
	VALUES ("Torecan", 1);
INSERT INTO CommercialMedicament(name, medicamentId)
	VALUES ("Propecia", 2);
INSERT INTO CommercialMedicament(name, medicamentId)
	VALUES ("Proscar", 3);
INSERT INTO CommercialMedicament(name, medicamentId)
	VALUES ("Avidart", 4);
INSERT INTO CommercialMedicament(name, medicamentId)
	VALUES ("Duodart", 5);
INSERT INTO CommercialMedicament(name, medicamentId)
	VALUES ("Dostinex", 6);
INSERT INTO CommercialMedicament(name, medicamentId)
	VALUES ("Diflucan", 7);
INSERT INTO CommercialMedicament(name, medicamentId)
	VALUES ("Januvia", 8);
INSERT INTO CommercialMedicament(name, medicamentId)
	VALUES ("VFEND", 9);
INSERT INTO CommercialMedicament(name, medicamentId)
	VALUES ("Sintrom", 10);
INSERT INTO CommercialMedicament(name, medicamentId)
	VALUES ("Valium", 11);
INSERT INTO CommercialMedicament(name, medicamentId)
	VALUES ("Neobrufem", 12);
INSERT INTO CommercialMedicament(name, medicamentId)
	VALUES ("Nitroglicerina", 13);
INSERT INTO CommercialMedicament(name, medicamentId)
	VALUES ("Digoxina", 14);
INSERT INTO CommercialMedicament(name, medicamentId)
	VALUES ("Quinina", 15);
INSERT INTO CommercialMedicament(name, medicamentId)
	VALUES ("Tetraciclina", 16);
INSERT INTO CommercialMedicament(name, medicamentId)
	VALUES ("Voltaren", 17);
INSERT INTO CommercialMedicament(name, medicamentId)
	VALUES ("Ibuprofeno", 18);
INSERT INTO CommercialMedicament(name, medicamentId)
	VALUES ("Indometacina", 19);
INSERT INTO CommercialMedicament(name, medicamentId)
	VALUES ("Diclofenacoketropofeno", 20);
INSERT INTO CommercialMedicament(name, medicamentId)
	VALUES ("Penicilina", 21);
INSERT INTO CommercialMedicament(name, medicamentId)
	VALUES ("Ceftriaxona", 22);
INSERT INTO CommercialMedicament(name, medicamentId)
	VALUES ("Cefditoreno", 23);
INSERT INTO CommercialMedicament(name, medicamentId)
	VALUES ("Vesicare", 24);
INSERT INTO CommercialMedicament(name, medicamentId)
	VALUES ("Toviaz", 25);
INSERT INTO CommercialMedicament(name, medicamentId)
	VALUES ("Betmiga", 26);
INSERT INTO CommercialMedicament(name, medicamentId)
	VALUES ("Losec", 27);
INSERT INTO CommercialMedicament(name, medicamentId)
	VALUES ("Plavix", 28);
INSERT INTO CommercialMedicament(name, medicamentId)
	VALUES ("VIT B12", 29);
INSERT INTO CommercialMedicament(name, medicamentId)
	VALUES ("Aspirina", 30);
INSERT INTO CommercialMedicament(name, medicamentId)
	VALUES ("Fenitoina", 31);
INSERT INTO CommercialMedicament(name, medicamentId)
	VALUES ("Eliquis", 32);
INSERT INTO CommercialMedicament(name, medicamentId)
	VALUES ("HeparinasBPM", 33);
INSERT INTO CommercialMedicament(name, medicamentId)
	VALUES ("Antiagregantes", 34);


-- INSERT INTO ChemicalComponent(componentName, familyId)
--	VALUES ();
INSERT INTO ChemicalComponent(componentName, familyId)
	VALUES ("Tietilperazina", 1);
INSERT INTO ChemicalComponent(componentName, familyId)
	VALUES ("Finasteride", 2);
INSERT INTO ChemicalComponent(componentName, familyId)
	VALUES ("Dutasteride", 2);
INSERT INTO ChemicalComponent(componentName, familyId)
	VALUES ("Tamsulosina", 2);
INSERT INTO ChemicalComponent(componentName, familyId)
	VALUES ("Cabergolina", 3);
INSERT INTO ChemicalComponent(componentName, familyId)
	VALUES ("Fluconazol", 4);
INSERT INTO ChemicalComponent(componentName, familyId)
	VALUES ("Sitaglipina", 5);
INSERT INTO ChemicalComponent(componentName, familyId)
	VALUES ("Voriconazol", 4);
INSERT INTO ChemicalComponent(componentName, familyId)
	VALUES ("Acenocumarol", 6);
INSERT INTO ChemicalComponent(componentName, familyId)
	VALUES ("Diazepam", 7);
INSERT INTO ChemicalComponent(componentName, familyId)
	VALUES ("Ibuprofeno", 8);
INSERT INTO ChemicalComponent(componentName, familyId)
	VALUES ("Nitroglicerina", 10);
INSERT INTO ChemicalComponent(componentName, familyId)
	VALUES ("Digoxina", 9);
INSERT INTO ChemicalComponent(componentName, familyId)
	VALUES ("Quinina", 3);
INSERT INTO ChemicalComponent(componentName, familyId)
	VALUES ("Tetraciclina", 11);
INSERT INTO ChemicalComponent(componentName, familyId)
	VALUES ("Apixaban", 6);
INSERT INTO ChemicalComponent(componentName, familyId)
	VALUES ("Diclofenaco sódico", 8);
INSERT INTO ChemicalComponent(componentName, familyId)
	VALUES ("Indometacina sódico", 8);
INSERT INTO ChemicalComponent(componentName, familyId)
	VALUES ("Diclofenacoketropofeno", 8);
INSERT INTO ChemicalComponent(componentName, familyId)
	VALUES ("Ceftriaxona", 11);
INSERT INTO ChemicalComponent(componentName, familyId)
	VALUES ("Penicilina", 12);
INSERT INTO ChemicalComponent(componentName, familyId)
	VALUES ("Cefditoreno", 12);
INSERT INTO ChemicalComponent(componentName, familyId)
	VALUES ("Solifenacina", 16);
INSERT INTO ChemicalComponent(componentName, familyId)
	VALUES ("Fesoteracina", 16);
INSERT INTO ChemicalComponent(componentName, familyId)
	VALUES ("Mirabegrom", 13);
INSERT INTO ChemicalComponent(componentName, familyId)
	VALUES ("Omeprazol", 14);
INSERT INTO ChemicalComponent(componentName, familyId)
	VALUES ("Clopridogel", 6);
INSERT INTO ChemicalComponent(componentName, familyId)
	VALUES ("VIT B12", 15);
INSERT INTO ChemicalComponent(componentName, familyId)
	VALUES ("Ácido acetilsalicílico", 17);
INSERT INTO ChemicalComponent(componentName, familyId)
	VALUES ("Fenitoína sódica", 18);	
		
-- INSERT INTO Medicament_ChemicalComponent(medicament_id, component_id)
--	VALUES ();
INSERT INTO Medicament_ChemicalComponent(medicament_id, component_id)
	VALUES (1, 1);
INSERT INTO Medicament_ChemicalComponent(medicament_id, component_id)
	VALUES (2, 2);
INSERT INTO Medicament_ChemicalComponent(medicament_id, component_id)
	VALUES (3, 2);
INSERT INTO Medicament_ChemicalComponent(medicament_id, component_id)
	VALUES (4, 3);
INSERT INTO Medicament_ChemicalComponent(medicament_id, component_id)
	VALUES (5, 3);
INSERT INTO Medicament_ChemicalComponent(medicament_id, component_id)
	VALUES (5, 4);
INSERT INTO Medicament_ChemicalComponent(medicament_id, component_id)
	VALUES (6, 5);
INSERT INTO Medicament_ChemicalComponent(medicament_id, component_id)
	VALUES (7, 6);
INSERT INTO Medicament_ChemicalComponent(medicament_id, component_id)
	VALUES (8, 7);
INSERT INTO Medicament_ChemicalComponent(medicament_id, component_id)
	VALUES (9, 8);
INSERT INTO Medicament_ChemicalComponent(medicament_id, component_id)
	VALUES (10, 9);
INSERT INTO Medicament_ChemicalComponent(medicament_id, component_id)
	VALUES (11, 10);
INSERT INTO Medicament_ChemicalComponent(medicament_id, component_id)
	VALUES (12, 11);
INSERT INTO Medicament_ChemicalComponent(medicament_id, component_id)
	VALUES (13, 12);
INSERT INTO Medicament_ChemicalComponent(medicament_id, component_id)
	VALUES (14, 13);
INSERT INTO Medicament_ChemicalComponent(medicament_id, component_id)
	VALUES (15, 14);
INSERT INTO Medicament_ChemicalComponent(medicament_id, component_id)
	VALUES (16, 15);
INSERT INTO Medicament_ChemicalComponent(medicament_id, component_id)
	VALUES (17, 17);
INSERT INTO Medicament_ChemicalComponent(medicament_id, component_id)
	VALUES (18, 11);
INSERT INTO Medicament_ChemicalComponent(medicament_id, component_id)
	VALUES (19, 18);
INSERT INTO Medicament_ChemicalComponent(medicament_id, component_id)
	VALUES (20, 19);		
INSERT INTO Medicament_ChemicalComponent(medicament_id, component_id)
	VALUES (22, 20);
INSERT INTO Medicament_ChemicalComponent(medicament_id, component_id)
	VALUES (21, 21);
INSERT INTO Medicament_ChemicalComponent(medicament_id, component_id)
	VALUES (23, 22);
INSERT INTO Medicament_ChemicalComponent(medicament_id, component_id)
	VALUES (24, 23);
INSERT INTO Medicament_ChemicalComponent(medicament_id, component_id)
	VALUES (25, 24);
INSERT INTO Medicament_ChemicalComponent(medicament_id, component_id)
	VALUES (26, 25);
INSERT INTO Medicament_ChemicalComponent(medicament_id, component_id)
	VALUES (27, 26);
INSERT INTO Medicament_ChemicalComponent(medicament_id, component_id)
	VALUES (28, 27);		
INSERT INTO Medicament_ChemicalComponent(medicament_id, component_id)
	VALUES (29, 28);
INSERT INTO Medicament_ChemicalComponent(medicament_id, component_id)
	VALUES (30, 29);
INSERT INTO Medicament_ChemicalComponent(medicament_id, component_id)
	VALUES (31, 30);
INSERT INTO Medicament_ChemicalComponent(medicament_id, component_id)
	VALUES (32, 16);
		
-- INSERT INTO Disease(diseaseName)
--	VALUES ();
INSERT INTO Disease(diseaseName)
	VALUES ("Sindrome de Reye");
		
-- INSERT INTO Allergy(allergyName)
--	VALUES ();
INSERT INTO Allergy(allergyName) 
	VALUES ("Penicilina");

-- INSERT INTO Intolerance(intoleranceName)
--	VALUES ();
INSERT INTO Intolerance(intoleranceName)
	VALUES ("Gastritis");

-- INSERT INTO RegularRestriction(code, restrictionName)
--	VALUES ();
INSERT INTO RegularRestriction(code, restrictionName)
	VALUES ("NUN","NO USO EN NIÑOS");
INSERT INTO RegularRestriction(code, restrictionName)
	VALUES ("NUM","NO USO EN MUJERES"); 
INSERT INTO RegularRestriction(code, restrictionName)
	VALUES ("NUH","NO USO EN HOMBRES");
INSERT INTO RegularRestriction(code, restrictionName)
	VALUES ("ADIRL","AJUSTE DE DOSIS INCONTINENCIA RENAL LEVE");
INSERT INTO RegularRestriction(code, restrictionName)
	VALUES ("ADIRG","AJUSTE DE DOSIS INCONTINENCIA RENAL GRAVE");
INSERT INTO RegularRestriction(code, restrictionName)
	VALUES ("ADIH","AJUSTE DE DOSIS INSUFICIENCIA HEPÁTICA");
INSERT INTO RegularRestriction(code, restrictionName)
	VALUES ("NUE","NO USO EMBARAZO");
INSERT INTO RegularRestriction(code, restrictionName)
	VALUES ("NUL","NO USO EN LACTANCIA");

-- INSERT INTO ChemicalComponent_RegularRestriction(componentId, regularRestrictionId)
--	VALUES ();
INSERT INTO ChemicalComponent_RegularRestriction(chemicalComponent_id, regularRestriction_id)
	VALUES (1,1);
INSERT INTO ChemicalComponent_RegularRestriction(chemicalComponent_id, regularRestriction_id)
	VALUES (2,2);
INSERT INTO ChemicalComponent_RegularRestriction(chemicalComponent_id, regularRestriction_id)
	VALUES (3,2);
INSERT INTO ChemicalComponent_RegularRestriction(chemicalComponent_id, regularRestriction_id)
	VALUES (4,2);
INSERT INTO ChemicalComponent_RegularRestriction(chemicalComponent_id, regularRestriction_id)
	VALUES (5,3);
INSERT INTO ChemicalComponent_RegularRestriction(chemicalComponent_id, regularRestriction_id)
	VALUES (6,4);
INSERT INTO ChemicalComponent_RegularRestriction(chemicalComponent_id, regularRestriction_id)
	VALUES (7,5);
INSERT INTO ChemicalComponent_RegularRestriction(chemicalComponent_id, regularRestriction_id)
	VALUES (8,6);
INSERT INTO ChemicalComponent_RegularRestriction(chemicalComponent_id, regularRestriction_id)
	VALUES (9,7);
INSERT INTO ChemicalComponent_RegularRestriction(chemicalComponent_id, regularRestriction_id)
	VALUES (10,8);

-- INSERT INTO ChemicalComponent_ChemicalComponent(chemicalComponent_id, chemicalComponent2_id)
--	VALUES ();
INSERT INTO ChemicalComponent_ChemicalComponent(chemicalComponent_id, chemicalComponent2_id)
	VALUES (26,27);
INSERT INTO ChemicalComponent_ChemicalComponent(chemicalComponent_id, chemicalComponent2_id)
	VALUES (27,26);
INSERT INTO ChemicalComponent_ChemicalComponent(chemicalComponent_id, chemicalComponent2_id)
	VALUES (26,28);
INSERT INTO ChemicalComponent_ChemicalComponent(chemicalComponent_id, chemicalComponent2_id)
	VALUES (28,26);
INSERT INTO ChemicalComponent_ChemicalComponent(chemicalComponent_id, chemicalComponent2_id)
	VALUES (9,11);
INSERT INTO ChemicalComponent_ChemicalComponent(chemicalComponent_id, chemicalComponent2_id)
	VALUES (11,9);
INSERT INTO ChemicalComponent_ChemicalComponent(chemicalComponent_id, chemicalComponent2_id)
	VALUES (9,16);
INSERT INTO ChemicalComponent_ChemicalComponent(chemicalComponent_id, chemicalComponent2_id)
	VALUES (16,9);

-- INSERT INTO ChemicalComponent_Disease(chemicalComponent_id, disease_id)
--	VALUES ();
INSERT INTO ChemicalComponent_Disease(chemicalComponent_id, disease_id)
	VALUES (29,1);

-- INSERT INTO ChemicalComponent_Allergy(chemicalComponent_id, allergy_id)
--	VALUES ();
INSERT INTO ChemicalComponent_Allergy(chemicalComponent_id, allergy_id)
	VALUES (21,1);

-- INSERT INTO ChemicalComponent_Intolerance(chemicalComponent_id, intolerance_id)
--	VALUES ();
INSERT INTO ChemicalComponent_Intolerance(chemicalComponent_id, intolerance_id)
	VALUES (11,1);

-- INSERT INTO UserBD(userName, password, firstName, lastName, email, role)
-- VALUES ();
INSERT INTO UserBD(userName, password, email, role)
  VALUES("admin", "{bcrypt}$2a$10$AVaWqpSEsBYP0r3/brOAXOZua5/qxe/5xQiJzmdAcNoJRm/zDkMAS", "email@email", 1);

INSERT INTO UserBD(userName, password, email, role)
  VALUES("user", "{bcrypt}$2a$10$.h2M1DzrEHo.ONO54jDsOeCLQwPNeN5aEa6F/dX5pnu6T88hoA2jG", "email@email", 0);


